user_id,last_name,first_name,number,email,password_hash,user_type
1,Stark,Zoe,+86 671 063 0043,zoe.stark@yahoo.com,Vz4&*!r7H,個人
2,Trussman,Melessa,+86 711 080 0072,melessa.trussman@ymail.com,Tw8)*@7Pn,企業
3,Gillum,Seumas,+380 515 016 0037,seumas.gillum@live.com,Zt8%^&R9m,個人
4,Head,Willey,+234 183 073 0065,willey.head@yahoo.com,Bw9^#Kp7R,企業
5,Froud,Renaud,+51 002 084 0012,renaud.froud@yahoo.com,xj#4@kd!8,企業
6,Geertsen,Rudolfo,+7 023 030 0071,rudolfo.geertsen@gmail.com,Hn6*(Bz8G,個人
7,Hamlett,Van,+61 227 075 0092,van.hamlett@yahoo.com,Vz4&*!r7H,個人
8,Bradder,Delbert,+86 688 085 0064,delbert.bradder@libero.it,An8)*#l6Q,個人
9,Totaro,Khalil,+62 520 083 0041,khalil.totaro@comcast.net,Zt8%^&R9m,個人
10,Grover,Tiler,+352 764 052 0036,tiler.grover@yahoo.com,Hn6*(Bz8G,個人
11,Beveredge,Oralla,+46 675 052 0010,oralla.beveredge@yahoo.com,An8)*#l6Q,個人
12,Hargey,Che,+48 667 006 0004,che.hargey@yahoo.co.uk,Hn6*(Bz8G,個人
13,Huertas,Lucila,+386 561 064 0041,lucila.huertas@yahoo.com,Dw7)&@c6Z,個人
14,Dilliston,Katharina,+33 545 078 0007,katharina.dilliston@hotmail.com,Jp5!)#x9D,個人
15,Gear,Ailene,+63 834 068 0006,ailene.gear@yahoo.com,Kq3!@nv5W,企業
16,Kitchinham,Moss,+54 041 050 0049,moss.kitchinham@ymail.com,xj#4@kd!8,企業
17,Enric,Marci,+383 799 045 0087,marci.enric@yahoo.fr,Jp5!)#x9D,個人
18,Hamblen,Leesa,+48 333 088 0016,leesa.hamblen@gmail.com,pw9@&CxB7,企業
19,Morley,Nevile,+86 478 064 0012,nevile.morley@gmail.com,pw9@&CxB7,企業
20,Starton,Valentijn,+880 084 067 0020,valentijn.starton@yahoo.com,pw9@&CxB7,企業
21,Turfus,Shaun,+62 822 026 0028,shaun.turfus@yahoo.com,Lx5%$#9Dp,個人
22,Reddecliffe,Gabbie,+381 822 090 0026,gabbie.reddecliffe@gmail.com,Hn6*(Bz8G,個人
23,Cazereau,Marinna,+63 102 037 0057,marinna.cazereau@yahoo.com,Dw7)&@c6Z,個人
24,Beisley,Dalton,+7 752 082 0098,dalton.beisley@gmail.com,mN3!*&p1L,個人
25,Scrimshaw,Laurens,+57 272 008 0089,laurens.scrimshaw@yahoo.com,Zn6$(@xv4,個人
26,Bortolazzi,Miranda,+62 235 087 0008,miranda.bortolazzi@hotmail.com,Zn6$(@xv4,個人
27,Bowsher,Roland,+86 486 029 0057,roland.bowsher@hotmail.com,pw9@&CxB7,企業
28,Divall,Julie,+62 766 082 0057,julie.divall@libero.it,mN3!*&p1L,個人
29,Skeel,Pedro,+86 676 048 0017,pedro.skeel@hotmail.com,xj#4@kd!8,企業
30,Folca,Elora,+55 883 013 0079,elora.folca@aol.com,Vz4&*!r7H,個人
31,Garr,Sandi,+51 315 032 0049,sandi.garr@yahoo.co.uk,Qw7#(FgK3,企業
32,Birtonshaw,Valdemar,+27 519 008 0064,valdemar.birtonshaw@yahoo.com,Hn6*(Bz8G,個人
33,Plose,Kara-lynn,+81 157 059 0041,karalynn.plose@orange.fr,Jp5!)#x9D,個人
34,Liddiard,Eleonora,+359 528 053 0004,eleonora.liddiard@yahoo.com,Bw9^#Kp7R,企業
35,Stive,Sheeree,+351 663 012 0091,sheeree.stive@gmail.com,Lx5%$#9Dp,個人
36,Doge,Chrystal,+92 643 073 0084,chrystal.doge@gmail.com,Vg3%*Op9X,企業
37,Molfino,Floria,+86 922 038 0015,floria.molfino@gmail.com,Gq7@&(zv3,企業
38,Patsall,Dinnie,+86 100 086 0045,dinnie.patsall@yahoo.com,Md5*@bq3N,個人
39,Kenyon,Janka,+63 780 091 0023,janka.kenyon@gmail.com,Md5*@bq3N,個人
40,Sangster,Levy,+1 808 056 0039,levy.sangster@gmail.com,Pc2#&Jn8L,企業
41,Scotter,Arlyne,+62 422 082 0007,arlyne.scotter@live.com,Kq3!@nv5W,企業
42,D'Onisi,Lorita,+62 704 040 0089,lorita.donisi@yahoo.com,Qw7#(FgK3,企業
43,Jorgensen,Rockwell,+591 578 038 0035,rockwell.jorgensen@hotmail.com,Kq3!@nv5W,企業
44,Turfs,Sibylla,+358 156 058 0032,sibylla.turfs@comcast.net,Jp5!)#x9D,個人
45,Gamell,Alejoa,+7 782 030 0013,alejoa.gamell@hotmail.com,Md5*@bq3N,個人
46,Van der Daal,Dunc,+86 056 065 0092,dunc.vanderdaal@gmail.com,Jp5!)#x9D,個人
47,Albion,Hernando,+86 260 098 0091,hernando.albion@live.com,Tw8)*@7Pn,企業
48,Bront,Chick,+46 394 004 0064,chick.bront@gmail.com,Vg3%*Op9X,企業
49,Cosgry,Mabelle,+992 233 037 0054,mabelle.cosgry@yahoo.com,Md5*@bq3N,個人
50,Sahnow,Nicolette,+51 167 005 0055,nicolette.sahnow@gmail.com,Qw7#(FgK3,企業
51,Spoerl,Arnie,+62 770 098 0054,arnie.spoerl@yahoo.com,Jp5!)#x9D,個人
52,Corless,Jane,+51 955 061 0039,jane.corless@aol.com,Rt9%&Vb4M,企業
53,Camerana,Roy,+55 326 054 0018,roy.camerana@yahoo.com,Dw7)&@c6Z,個人
54,Shovelin,Karel,+381 019 060 0091,karel.shovelin@gmail.com,Dw7)&@c6Z,個人
55,Mcsarry,Erin,+47 109 024 0087,erin.mcsarry@gmail.com,Qw7#(FgK3,企業
56,Lyon,Daffi,+1 160 026 0026,daffi.lyon@hotmail.com,Vz4&*!r7H,個人
57,Salterne,Madeline,+86 025 014 0033,madeline.salterne@yahoo.com,Pc2#&Jn8L,企業
58,Spritt,Buddy,+7 368 086 0033,buddy.spritt@yahoo.com,Dw7)&@c6Z,個人
59,Jerger,Bentlee,+351 295 084 0039,bentlee.jerger@mail.ru,Kq3!@nv5W,企業
60,Pullin,Husein,+1 214 082 0001,husein.pullin@yahoo.com,mN3!*&p1L,個人
61,Behagg,Eugen,+33 836 078 0094,eugen.behagg@gmail.com,Kq3!@nv5W,企業
62,Sussans,Leonidas,+63 438 000 0098,leonidas.sussans@neuf.fr,Vg3%*Op9X,企業
63,Sherwood,Marc,+60 241 083 0030,marc.sherwood@bol.com.br,Lx5%$#9Dp,個人
64,Cornier,Rutter,+385 646 097 0087,rutter.cornier@yahoo.com.br,Rt9%&Vb4M,企業
65,Banke,Byran,+7 696 073 0086,byran.banke@bol.com.br,Lx5%$#9Dp,個人
66,Dicks,Freedman,+351 595 072 0048,freedman.dicks@yahoo.com,xj#4@kd!8,企業
67,Mease,Clerkclaude,+82 802 073 0039,clerkclaude.mease@att.net,Pc2#&Jn8L,企業
68,Cahey,Archaimbaud,+48 010 006 0025,archaimbaud.cahey@gmail.com,Gq7@&(zv3,企業
69,Buttler,Terrell,+86 498 076 0056,terrell.buttler@gmail.com,mN3!*&p1L,個人
70,Domeny,Newton,+64 959 031 0046,newton.domeny@msn.com,Pc2#&Jn8L,企業
71,Dudley,Arty,+86 912 079 0099,arty.dudley@aol.com,Md5*@bq3N,個人
72,Hoyer,Margalo,+977 396 050 0057,margalo.hoyer@alice.it,Zn6$(@xv4,個人
73,Georgiades,Phylys,+234 952 048 0005,phylys.georgiades@gmail.com,Zn6$(@xv4,個人
74,Bellison,Mariam,+234 537 004 0026,mariam.bellison@hotmail.com,Qw7#(FgK3,企業
75,Blackhurst,Laird,+57 937 054 0005,laird.blackhurst@hotmail.com,Dw7)&@c6Z,個人
76,Antonoczyk,Caroljean,+62 421 027 0018,caroljean.antonoczyk@yahoo.com,Vg3%*Op9X,企業
77,Wadley,Sophi,+355 569 062 0092,sophi.wadley@gmail.com,Bw9^#Kp7R,企業
78,Heistermann,Carney,+7 245 055 0069,carney.heistermann@yahoo.com,Md5*@bq3N,個人
79,Gretton,Iver,+351 322 072 0019,iver.gretton@hotmail.it,Md5*@bq3N,個人
80,Hallows,Katusha,+255 112 013 0002,katusha.hallows@gmail.com,Rt9%&Vb4M,企業
81,Bedboro,Aubrie,+1 266 077 0045,aubrie.bedboro@hotmail.com,Zt8%^&R9m,個人
82,Symon,Silvana,+62 560 009 0090,silvana.symon@hetnet.nl,An8)*#l6Q,個人
83,Tryhorn,Lief,+977 926 021 0058,lief.tryhorn@gmail.com,mN3!*&p1L,個人
84,Oiseau,Feliks,+36 611 024 0071,feliks.oiseau@bigpond.com,An8)*#l6Q,個人
85,Arrowsmith,Jammal,+46 136 003 0038,jammal.arrowsmith@hotmail.com,Qw7#(FgK3,企業
86,Bowman,Brose,+63 631 032 0024,brose.bowman@yahoo.com,Hn6*(Bz8G,個人
87,Gutowski,Greggory,+420 956 020 0052,greggory.gutowski@gmail.com,An8)*#l6Q,個人
88,Swire,Petey,+51 134 087 0015,petey.swire@comcast.net,Md5*@bq3N,個人
89,Rignoldes,Robbie,+351 826 028 0037,robbie.rignoldes@live.fr,Pc2#&Jn8L,企業
90,Lanon,Reyna,+63 679 002 0071,reyna.lanon@aol.com,Zn6$(@xv4,個人
91,Christophe,Dorise,+63 164 074 0079,dorise.christophe@gmail.com,Lx5%$#9Dp,個人
92,Benoix,Johnathan,+86 682 048 0030,johnathan.benoix@hotmail.com,Vz4&*!r7H,個人
93,Cullerne,Mathilde,+62 730 024 0048,mathilde.cullerne@yahoo.com,Vg3%*Op9X,企業
94,Priddie,Daron,+48 818 088 0014,daron.priddie@yandex.ru,Kq3!@nv5W,企業
95,Maurice,Antoni,+963 232 040 0031,antoni.maurice@hotmail.co.uk,Kq3!@nv5W,企業
96,Norcop,Burg,+66 025 094 0095,burg.norcop@msn.com,Vz4&*!r7H,個人
97,Jukubczak,Shanta,+51 066 022 0016,shanta.jukubczak@yahoo.com,Gq7@&(zv3,企業
98,Van Zon,Dacia,+7 440 026 0044,dacia.vanzon@hotmail.com,Gq7@&(zv3,企業
99,Doolan,Hasty,+48 066 028 0067,hasty.doolan@verizon.net,Jp5!)#x9D,個人
100,Maydwell,Rora,+47 895 084 0004,rora.maydwell@gmail.com,Bw9^#Kp7R,企業
